{
      "LR": {
            "macro_f1_folds": [
                  0.7318459243545,
                  0.7322881679489202,
                  0.7327312842935103,
                  0.7319083729454767,
                  0.7324630123825426
            ],
            "accuracy_test": 0.780115014918901,
            "macro_f1_test": 0.7798199650764338,
            "recall_score_test": 0.7801150149189011,
            "precision_score_test": 0.7816245665734138,
            "running_time_(min)": "794m 32.2s",
            "running_time_(hours)": "13 hours"
      },
      "RF": {
            "macro_f1_folds": [
                  0.8607041580744229,
                  0.8622055824249245,
                  0.8617483904295209,
                  0.8610769169693608,
                  0.8607596398482289
            ],
            "accuracy_test": 0.7800737169228863,
            "macro_f1_test": 0.7783399053094213,
            "recall_score_test": 0.7800737169228863,
            "precision_score_test": 0.7891196204038259,
            "running_time_(min)": "847m 19.4s",
            "running_time_(hours)": "14 hours"
      },
      "KNN": {
            "macro_f1_folds": [
                  0.8652846250360733,
                  0.8656350932578165,
                  0.8656155135552277,
                  0.8651681094817174,
                  0.8662838518860122
            ],
            "accuracy_test": 0.7697440556696986,
            "macro_f1_test": 0.7684601432914915,
            "recall_score_test": 0.7697440556696986,
            "precision_score_test": 0.7758628064881903,
            "running_time_(min)": "2323m 5.2s",
            "running_time_(hours)": "38 hours"
      }
}